,NodeInput,0
,NodeStreamOffset,0
,NodeDynamicStreamOffset,0
Ä¥,NodeShift,0
S,NodeReinterpret,0
 ,NodeStreamOffset,0
",NodeDynamicStreamOffset,0
Ä¦,NodeShift,0
Ä§,NodeReinterpret,0
Ä¨,NodeCast,0
t,NodeAdd,0
(,NodeDynamicStreamOffset,0
Ä©,NodeShift,0
y,NodeReinterpret,0
Â‡,NodeAdd,0
-,NodeStreamOffset,0
/,NodeDynamicStreamOffset,0
Ä«,NodeShift,0
Ä¬,NodeReinterpret,0
Ä­,NodeCast,0
Âš,NodeAdd,0
Ä®,NodeShift,0
Ä¯,NodeReinterpret,0
Ä°,NodeCast,0
Â­,NodeAdd,0
:,NodeDynamicStreamOffset,0
Ä±,NodeShift,0
Ä²,NodeReinterpret,0
Ä³,NodeCast,0
Ã€,NodeAdd,0
?,NodeStreamOffset,0
A,NodeDynamicStreamOffset,0
Ä¶,NodeShift,0
Ã…,NodeReinterpret,0
Ã“,NodeAdd,0
G,NodeDynamicStreamOffset,0
Ä·,NodeShift,0
Ä¸,NodeReinterpret,0
Ä¹,NodeCast,0
Ã¦,NodeAdd,0
M,NodeDynamicStreamOffset,0
Äº,NodeShift,0
Ã«,NodeReinterpret,0
Ã¹,NodeAdd,0
Ä»,NodeReinterpret,0
Ä¼,NodeCast,0
Ä½,NodeShift,0
Ä„,NodeReinterpret,0
Ä¾,NodeShift,0
V,NodeReinterpret,0
X,NodeAnd,0
Ä¿,NodeShift,0
i,NodeReinterpret,0
k,NodeAnd,0
Å€,NodeReinterpret,0
Å,NodeCast,0
u,NodeAdd,0
Å‚,NodeShift,0
|,NodeReinterpret,0
~,NodeAnd,0
Âˆ,NodeAdd,0
Åƒ,NodeShift,0
Â,NodeReinterpret,0
Â‘,NodeAnd,0
Å„,NodeReinterpret,0
Å…,NodeCast,0
Â›,NodeAdd,0
Å†,NodeShift,0
Â¢,NodeReinterpret,0
Â¤,NodeAnd,0
Å‡,NodeReinterpret,0
Åˆ,NodeCast,0
Â®,NodeAdd,0
Å‰,NodeShift,0
Âµ,NodeReinterpret,0
Â·,NodeAnd,0
ÅŠ,NodeReinterpret,0
Å‹,NodeCast,0
Ã,NodeAdd,0
ÅŒ,NodeShift,0
Ãˆ,NodeReinterpret,0
ÃŠ,NodeAnd,0
Ã”,NodeAdd,0
Å,NodeShift,0
Ã›,NodeReinterpret,0
Ã,NodeAnd,0
Å,NodeReinterpret,0
Å,NodeCast,0
Ã§,NodeAdd,0
Å,NodeShift,0
Ã®,NodeReinterpret,0
Ã°,NodeAnd,0
Ãº,NodeAdd,0
Å‘,NodeReinterpret,0
Å’,NodeCast,0
Ä†,NodeAnd,0
Ä‡,NodeOr,0
Å“,NodeShift,0
ÄŠ,NodeReinterpret,0
Z,NodeAnd,0
m,NodeAnd,0
Å”,NodeReinterpret,0
Å•,NodeCast,0
v,NodeAdd,0
Â€,NodeAnd,0
Â‰,NodeAdd,0
Â“,NodeAnd,0
Å–,NodeReinterpret,0
Å—,NodeCast,0
Âœ,NodeAdd,0
Â¦,NodeAnd,0
Å˜,NodeReinterpret,0
Å™,NodeCast,0
Â¯,NodeAdd,0
Â¹,NodeAnd,0
Åš,NodeReinterpret,0
Å›,NodeCast,0
Ã‚,NodeAdd,0
ÃŒ,NodeAnd,0
Ã•,NodeAdd,0
ÃŸ,NodeAnd,0
Åœ,NodeReinterpret,0
Å,NodeCast,0
Ã¨,NodeAdd,0
Ã²,NodeAnd,0
Ã»,NodeAdd,0
Å,NodeReinterpret,0
ÅŸ,NodeCast,0
ÄŒ,NodeAnd,0
Ä,NodeOr,0
Ä’,NodeOutput,0
Ä•,NodeCounter,0
Ä–,NodeStreamOffset,0
Ä˜,NodeOutputMappedReg,0
Ä›,NodeCounter,0
Å ,NodeEqInlined,0
Äœ,NodeFlush,0
