,NodeInput,4
,NodeStreamOffset,10
,NodeDynamicStreamOffset,6
Ä¥,NodeShift,13
S,NodeReinterpret,13
 ,NodeStreamOffset,10
",NodeDynamicStreamOffset,9
Ä¦,NodeShift,13
Ä§,NodeReinterpret,13
Ä¨,NodeCast,13
t,NodeAdd,13
(,NodeDynamicStreamOffset,9
Ä©,NodeShift,14
y,NodeReinterpret,14
Â‡,NodeAdd,14
-,NodeStreamOffset,12
/,NodeDynamicStreamOffset,9
Ä«,NodeShift,15
Ä¬,NodeReinterpret,15
Ä­,NodeCast,15
Âš,NodeAdd,15
Ä®,NodeShift,16
Ä¯,NodeReinterpret,16
Ä°,NodeCast,16
Â­,NodeAdd,16
:,NodeDynamicStreamOffset,11
Ä±,NodeShift,17
Ä²,NodeReinterpret,17
Ä³,NodeCast,17
Ã€,NodeAdd,17
?,NodeStreamOffset,15
A,NodeDynamicStreamOffset,13
Ä¶,NodeShift,18
Ã…,NodeReinterpret,18
Ã“,NodeAdd,18
G,NodeDynamicStreamOffset,15
Ä·,NodeShift,19
Ä¸,NodeReinterpret,19
Ä¹,NodeCast,19
Ã¦,NodeAdd,19
M,NodeDynamicStreamOffset,13
Äº,NodeShift,20
Ã«,NodeReinterpret,20
Ã¹,NodeAdd,20
Ä»,NodeReinterpret,21
Ä¼,NodeCast,21
Ä½,NodeShift,22
Ä„,NodeReinterpret,22
Ä¾,NodeShift,13
V,NodeReinterpret,13
X,NodeAnd,13
Ä¿,NodeShift,13
i,NodeReinterpret,13
k,NodeAnd,13
Å€,NodeReinterpret,14
Å,NodeCast,14
u,NodeAdd,14
Å‚,NodeShift,14
|,NodeReinterpret,14
~,NodeAnd,14
Âˆ,NodeAdd,15
Åƒ,NodeShift,15
Â,NodeReinterpret,15
Â‘,NodeAnd,15
Å„,NodeReinterpret,16
Å…,NodeCast,16
Â›,NodeAdd,16
Å†,NodeShift,16
Â¢,NodeReinterpret,16
Â¤,NodeAnd,16
Å‡,NodeReinterpret,17
Åˆ,NodeCast,17
Â®,NodeAdd,17
Å‰,NodeShift,17
Âµ,NodeReinterpret,17
Â·,NodeAnd,17
ÅŠ,NodeReinterpret,18
Å‹,NodeCast,18
Ã,NodeAdd,18
ÅŒ,NodeShift,18
Ãˆ,NodeReinterpret,18
ÃŠ,NodeAnd,18
Ã”,NodeAdd,19
Å,NodeShift,19
Ã›,NodeReinterpret,19
Ã,NodeAnd,19
Å,NodeReinterpret,20
Å,NodeCast,20
Ã§,NodeAdd,20
Å,NodeShift,20
Ã®,NodeReinterpret,20
Ã°,NodeAnd,20
Ãº,NodeAdd,21
Å‘,NodeReinterpret,22
Å’,NodeCast,22
Ä†,NodeAnd,23
Ä‡,NodeOr,24
Å“,NodeShift,25
ÄŠ,NodeReinterpret,25
Z,NodeAnd,13
m,NodeAnd,13
Å”,NodeReinterpret,14
Å•,NodeCast,14
v,NodeAdd,14
Â€,NodeAnd,14
Â‰,NodeAdd,15
Â“,NodeAnd,15
Å–,NodeReinterpret,16
Å—,NodeCast,16
Âœ,NodeAdd,16
Â¦,NodeAnd,16
Å˜,NodeReinterpret,17
Å™,NodeCast,17
Â¯,NodeAdd,17
Â¹,NodeAnd,17
Åš,NodeReinterpret,18
Å›,NodeCast,18
Ã‚,NodeAdd,18
ÃŒ,NodeAnd,18
Ã•,NodeAdd,19
ÃŸ,NodeAnd,19
Åœ,NodeReinterpret,20
Å,NodeCast,20
Ã¨,NodeAdd,20
Ã²,NodeAnd,20
Ã»,NodeAdd,21
Å,NodeReinterpret,22
ÅŸ,NodeCast,22
ÄŒ,NodeAnd,23
Ä,NodeOr,25
Ä’,NodeOutput,26
Ä•,NodeCounter,3
Ä–,NodeStreamOffset,3
Ä˜,NodeOutputMappedReg,4
Ä›,NodeCounter,0
Å ,NodeEqInlined,0
Äœ,NodeFlush,1
